time,tavg,tmin,tmax,prcp,snow,wdir,wspd,wpgt,pres,tsun
2018-01-01,-1.3,-7.0,4.0,,,236.7,3.9,,,
2018-01-02,-2.1,-6.4,3.0,,,257.1,7.1,,1029.1,
2018-01-03,-3.7,-6.8,0.2,,,,9.5,,1031.0,
2018-01-04,-4.4,-9.0,-1.2,,,,2.2,,,
2018-01-05,-3.6,-8.1,1.0,,,,5.8,,1021.7,
2018-01-06,-4.0,-10.0,4.0,,,,4.7,,1023.8,
2018-01-07,-2.2,-8.4,3.0,,,174.6,3.4,,1022.5,
2018-01-08,,,,,,,,,,
2018-01-09,-2.6,-4.7,0.0,,,,13.0,,1013.8,
2018-01-10,-6.1,-9.7,-3.6,,,,10.3,,1018.4,
2018-01-11,-10.4,-15.4,-7.6,,,,8.8,,,
2018-01-12,,,,,,,,,,
2018-01-13,-4.4,-6.4,-0.6,,,197.1,5.3,,,
2018-01-14,-0.6,-8.1,5.0,,,173.8,8.0,,,
2018-01-15,,,,,,,,,,
2018-01-16,2.1,-1.0,5.9,,,,2.6,,,
2018-01-17,3.2,1.0,6.7,,,,2.7,,1018.0,
2018-01-18,2.6,-0.1,6.0,,,273.8,4.7,,,
2018-01-19,0.9,-4.4,5.6,,,207.1,4.7,,1024.7,
2018-01-20,1.1,-4.5,6.6,,,196.7,6.0,,,
2018-01-21,-0.2,-5.6,6.0,,,206.3,2.7,,,
2018-01-22,1.2,-2.2,6.1,,,231.7,8.1,,,
2018-01-23,-8.8,-12.1,-2.9,,,303.8,22.4,,,
2018-01-24,-12.2,-14.2,-9.3,,,325.0,16.5,,1029.5,
2018-01-25,-12.5,-16.0,-8.0,,,,13.8,,1030.6,
2018-01-26,-13.2,-16.1,-10.0,,,,12.3,,1030.1,
2018-01-27,-10.2,-16.5,-3.0,,,161.7,4.6,,,
2018-01-28,-4.6,-7.0,0.0,,,295.8,8.3,,1023.4,
2018-01-29,-8.0,-12.0,-4.0,,,,8.6,,1024.1,
2018-01-30,-5.5,-13.0,0.0,,,196.7,5.9,,,
2018-01-31,-1.2,-5.2,1.2,,,269.2,6.7,,1027.5,
2018-02-01,-4.0,-10.6,2.3,,,196.7,4.7,,,
2018-02-02,-2.9,-9.0,4.0,,,221.3,3.6,,,
2018-02-03,-5.5,-8.5,-1.7,,,290.8,14.2,,1028.5,
2018-02-04,-8.3,-12.0,-5.0,,,314.2,10.1,,1028.8,
2018-02-05,-8.4,-12.8,-5.0,,,,12.1,,1027.0,
2018-02-06,-9.4,-14.1,-5.0,,,,11.7,,1025.9,
2018-02-07,-9.0,-17.0,-2.0,,,,5.5,,1027.0,
2018-02-08,-5.9,-14.0,3.0,,,,3.9,,,
2018-02-09,-0.6,-7.9,6.6,,,192.9,3.8,,1022.9,
2018-02-10,0.2,-5.7,5.0,,,266.7,12.2,,1022.0,
2018-02-11,-6.0,-12.0,-1.0,,,,7.5,,1022.9,
2018-02-12,-5.6,-11.4,-1.2,,,273.3,9.5,,1022.7,
2018-02-13,-2.3,-10.8,4.8,,,195.0,10.8,,,
2018-02-14,3.0,-4.0,10.0,,,207.5,16.1,,,
2018-02-15,0.3,-3.6,5.0,,,307.5,8.2,,1022.3,
2018-02-16,-2.6,-9.2,4.8,,,,6.0,,1019.5,
2018-02-17,-2.0,-6.4,2.0,,,288.3,11.0,,1024.9,
2018-02-18,-0.6,-5.1,4.8,,,195.0,3.4,,1026.6,
2018-02-19,-0.4,-7.0,7.0,,,,5.6,,1024.6,
2018-02-20,0.6,-5.4,6.5,,,226.3,7.4,,1023.7,
2018-02-21,,,,,,,,,,
2018-02-22,0.4,-6.1,6.1,,,201.7,11.1,,1022.7,
2018-02-23,4.4,-1.6,9.8,,,,12.8,,1020.9,
2018-02-24,3.5,-0.7,8.4,,,268.3,6.2,,1027.3,
2018-02-25,2.6,-2.0,8.0,,,213.3,4.4,,,
2018-02-26,1.7,-5.1,10.6,,,198.8,4.1,,1025.2,
2018-02-27,1.5,-5.0,8.0,,,,3.6,,1023.6,
2018-02-28,4.5,2.0,8.6,,,187.1,5.6,,1011.4,
2018-03-01,1.7,-2.4,4.3,,,289.6,24.8,,,
2018-03-02,-0.5,-6.7,6.0,,,215.8,4.8,,1019.0,
2018-03-03,6.8,-2.0,16.0,,,,6.0,,1014.5,
2018-03-04,10.8,8.3,14.1,,,204.6,7.4,,1013.3,
2018-03-05,6.6,2.3,10.4,,,56.3,16.1,,1016.1,
2018-03-06,3.3,-4.0,11.0,,,,5.8,,1029.2,
2018-03-07,5.2,-0.9,11.0,,,108.3,11.9,,1027.9,
2018-03-08,5.0,2.6,9.6,,,266.3,8.9,,,
2018-03-09,4.9,1.6,9.0,,,217.9,4.8,,1023.4,
2018-03-10,4.3,-1.1,10.6,,,213.8,6.8,,1024.5,
2018-03-11,6.6,2.1,12.6,,,207.9,5.1,,1025.6,
2018-03-12,6.0,-2.0,16.0,,,,7.5,,1022.9,
2018-03-13,11.4,1.7,19.3,,,207.1,12.2,,1019.1,
2018-03-14,15.2,9.0,22.0,,,,10.6,,1019.1,
2018-03-15,11.9,7.0,15.0,,,,9.2,,1014.0,
2018-03-16,7.4,2.0,11.0,,,,15.2,,1023.2,
2018-03-17,5.5,-1.0,13.0,,,,7.7,,1027.6,
2018-03-18,8.5,4.6,12.6,,,205.0,3.8,,1022.0,
2018-03-19,8.5,6.3,10.0,,,,12.6,,1015.8,
2018-03-20,6.2,3.0,10.0,,,74.2,23.9,,1022.8,
2018-03-21,1.7,0.0,4.0,,,,13.6,,1018.5,
2018-03-22,4.2,0.0,10.0,,,,8.2,,1015.4,
2018-03-23,5.3,-1.4,13.0,,,223.8,5.4,,1019.7,
2018-03-24,6.4,0.0,14.0,,,,7.8,,1022.5,
2018-03-25,10.0,5.0,18.0,,,231.7,4.7,,1024.8,
2018-03-26,11.5,5.0,19.0,,,234.6,5.5,,,
2018-03-27,,,,,,,,,,
2018-03-28,14.4,8.3,21.0,,,203.3,10.1,,,
2018-03-29,15.3,11.3,20.6,,,184.2,5.5,,1019.6,
2018-03-30,14.0,8.3,20.6,,,178.3,8.2,,1023.2,
2018-03-31,13.7,7.3,21.0,,,208.8,7.2,,,
2018-04-01,15.0,9.2,19.0,,,189.2,7.5,,1016.9,
2018-04-02,17.9,12.9,24.0,,,200.4,8.1,,1015.6,
2018-04-03,18.3,13.3,23.0,,,225.4,8.3,,1016.7,
2018-04-04,13.5,11.0,16.6,,,160.4,11.2,,,
2018-04-05,8.4,7.0,10.0,,,94.6,13.1,,,
2018-04-06,7.6,4.6,10.3,,,212.1,15.5,,1012.3,
2018-04-07,5.1,3.0,8.6,,,288.3,27.5,,1014.5,
2018-04-08,5.7,1.0,10.6,,,235.8,10.8,,1015.3,
2018-04-09,8.3,1.4,16.2,,,167.1,4.2,,1017.6,
2018-04-10,14.9,4.0,22.6,,,,19.9,,1011.5,
2018-04-11,,,,,,,,,,
2018-04-12,,,,,,,,,,
2018-04-13,12.4,3.0,19.0,,,,12.6,,1022.6,
2018-04-14,9.8,7.6,14.6,,,181.7,9.8,,1010.5,
2018-04-15,,,,,,,,,,
2018-04-16,11.0,3.3,18.3,,,210.0,5.5,,,
2018-04-17,12.1,5.0,19.7,,,205.4,6.6,,1020.3,
2018-04-18,10.9,3.4,18.2,,,254.2,6.7,,1018.3,
2018-04-19,14.2,6.0,21.0,,,208.3,6.3,,,
2018-04-20,17.3,8.4,27.0,,,220.8,4.8,,1019.8,
2018-04-21,16.7,8.3,26.0,,,,9.6,,1018.5,
2018-04-22,15.7,11.9,20.3,,,89.2,7.3,,1018.0,
2018-04-23,11.3,10.0,13.0,,,120.8,8.7,,,
2018-04-24,12.5,9.0,16.0,,,127.9,10.1,,,
2018-04-25,,,,,,,,,,
2018-04-26,13.3,5.9,22.0,,,,7.6,,1014.3,
2018-04-27,,,,,,,,,,
2018-04-28,15.0,8.3,22.4,,,215.4,7.0,,1017.0,
2018-04-29,15.4,7.3,23.9,,,218.8,6.6,,1013.9,
2018-04-30,18.7,13.0,25.0,,,210.0,5.1,,,
2018-05-01,20.5,17.0,24.6,,,213.8,5.4,,1014.1,
2018-05-02,16.6,10.2,20.2,,,211.3,10.2,,1005.7,
2018-05-03,11.9,7.4,16.4,,,260.8,20.7,,1008.3,
2018-05-04,14.5,8.4,19.6,,,,18.1,,1012.4,
2018-05-05,17.6,8.4,25.0,,,199.2,12.4,,1015.3,
2018-05-06,16.7,14.8,19.2,,,177.1,7.2,,1008.1,
2018-05-07,18.6,14.0,25.3,,,227.9,4.7,,,
2018-05-08,17.6,12.9,22.0,,,,16.4,,1012.9,
2018-05-09,15.3,7.8,21.8,,,186.3,7.2,,1020.9,
2018-05-10,15.6,10.1,21.6,,,229.6,7.9,,1022.9,
2018-05-11,16.4,11.6,22.0,,,206.7,6.1,,1019.2,
2018-05-12,14.7,12.0,16.5,,,,7.6,,1010.8,
2018-05-13,16.5,13.2,20.1,,,267.5,7.6,,1008.5,
2018-05-14,17.9,11.2,25.6,,,217.1,5.1,,1011.7,
2018-05-15,22.2,14.6,28.2,,,,5.7,,1010.3,
2018-05-16,23.8,21.8,25.5,,,,13.8,,,
2018-05-17,22.2,19.9,24.9,,,223.3,4.4,,,
2018-05-18,17.5,13.1,20.7,,,187.5,10.0,,1005.0,
2018-05-19,17.7,10.9,23.6,,,88.8,10.6,,1015.2,
2018-05-20,16.5,9.6,23.0,,,126.3,8.7,,1019.0,
2018-05-21,16.6,8.8,22.6,,,178.8,8.4,,,
2018-05-22,18.2,13.6,23.9,,,159.6,4.4,,1012.9,
2018-05-23,18.2,13.5,23.3,,,297.9,10.2,,1008.4,
2018-05-24,18.5,10.4,25.6,,,197.9,10.8,,1010.0,
2018-05-25,19.7,12.4,26.6,,,206.7,6.7,,,
2018-05-26,20.9,11.5,29.6,,,225.0,5.2,,1008.8,
2018-05-27,20.1,15.8,25.3,,,216.7,5.7,,1010.7,
2018-05-28,21.5,13.3,30.3,,,225.0,6.4,,1009.9,
2018-05-29,21.8,18.3,26.6,,,229.2,6.3,,1011.3,
2018-05-30,20.4,15.6,26.3,,,235.8,9.0,,1010.4,
2018-05-31,20.2,13.6,26.9,,,217.9,5.9,,,
2018-06-01,21.4,14.5,29.0,,,,7.7,,1014.8,
2018-06-02,23.0,15.9,30.4,,,206.3,6.4,,1015.5,
2018-06-03,23.5,15.0,31.0,,,188.3,4.2,,,
2018-06-04,23.1,17.0,29.0,,,210.4,7.2,,,
2018-06-05,24.7,19.0,30.0,,,206.7,6.2,,,
2018-06-06,23.1,17.2,29.3,,,199.2,6.6,,1012.1,
2018-06-07,,,,,,,,,,
2018-06-08,22.0,17.9,27.2,,,270.0,7.7,,,
2018-06-09,23.6,18.2,29.8,,,138.8,8.1,,,
2018-06-10,21.7,18.0,25.3,,,106.3,10.0,,1004.7,
2018-06-11,21.1,17.6,23.9,,,154.2,6.3,,1000.6,
2018-06-12,21.2,18.0,26.0,,,,9.7,,1002.5,
2018-06-13,22.6,18.0,27.0,,,200.0,6.9,,,
2018-06-14,22.2,19.9,25.9,,,,,,1007.4,
2018-06-15,22.1,17.6,26.0,,,137.1,11.0,,,
2018-06-16,22.1,15.6,28.8,,,195.0,7.9,,1012.3,
2018-06-17,22.5,17.3,28.2,,,192.1,6.0,,1010.6,
2018-06-18,25.2,20.0,32.0,,,231.3,4.7,,,
2018-06-19,22.3,17.6,26.3,,,225.8,7.0,,1005.2,
2018-06-20,22.1,18.0,27.8,,,,9.9,,,
2018-06-21,23.7,19.0,29.5,,,270.0,9.4,,,
2018-06-22,25.0,17.7,32.8,,,235.4,6.5,,,
2018-06-23,23.7,19.0,29.3,,,,9.1,,,
2018-06-24,25.4,20.2,33.3,,,245.4,7.2,,,
2018-06-25,26.5,20.3,32.8,,,185.8,5.3,,1010.3,
2018-06-26,23.0,20.0,25.6,,,198.8,12.6,,1004.8,
2018-06-27,,,,,,,,,,
2018-06-28,23.6,20.7,27.3,,,217.5,8.9,,,
2018-06-29,25.1,21.4,30.3,,,214.6,7.3,,1002.3,
2018-06-30,24.9,21.6,29.1,,,180.4,5.1,,1009.0,
2018-07-01,22.0,20.9,23.0,,,110.8,7.9,,1009.4,
2018-07-02,22.9,20.6,26.7,,,181.3,9.2,,1007.6,
2018-07-03,26.7,21.0,32.6,,,,11.4,,,
2018-07-04,27.2,23.0,31.5,,,228.8,7.6,,997.5,
2018-07-05,25.5,23.0,30.1,,,169.6,6.6,,,
2018-07-06,24.6,22.0,28.0,,,75.4,15.4,,,
2018-07-07,23.5,20.0,28.3,,,65.8,10.9,,1009.8,
2018-07-08,22.5,17.0,26.5,,,94.6,8.9,,1012.1,
2018-07-09,20.9,19.9,23.0,,,97.5,7.6,,1014.7,
2018-07-10,23.8,20.4,26.7,,,100.8,8.2,,1014.2,
2018-07-11,27.1,24.0,31.0,,,217.9,7.3,,,
2018-07-12,27.0,24.0,30.1,,,222.9,6.4,,1013.3,
2018-07-13,27.0,23.0,32.0,,,212.1,5.5,,,
2018-07-14,27.6,24.0,32.0,,,,5.9,,1011.3,
2018-07-15,27.7,23.0,33.4,,,202.5,4.3,,1012.0,
2018-07-16,28.4,23.0,33.8,,,223.3,6.5,,1012.3,
2018-07-17,27.5,22.6,32.2,,,202.1,6.1,,1012.1,
2018-07-18,27.7,22.0,33.7,,,197.9,5.6,,1011.8,
2018-07-19,28.1,22.0,33.7,,,231.7,4.8,,,
2018-07-20,28.8,23.3,35.0,,,183.8,4.6,,1009.3,
2018-07-21,29.7,23.0,37.4,,,197.1,4.7,,1008.8,
2018-07-22,30.4,23.6,37.8,,,186.7,5.3,,1008.3,
2018-07-23,30.9,25.9,36.6,,,240.0,5.4,,1008.6,
2018-07-24,30.9,25.5,36.9,,,225.0,5.6,,1007.2,
2018-07-25,30.2,27.6,33.7,,,,10.1,,1007.2,
2018-07-26,29.5,25.6,34.0,,,222.1,7.2,,1007.5,
2018-07-27,30.6,26.8,36.0,,,237.9,5.7,,,
2018-07-28,28.4,26.0,34.0,,,,5.8,,1005.6,
2018-07-29,30.6,25.4,35.2,,,103.3,9.1,,1003.9,
2018-07-30,31.2,26.2,36.0,,,82.5,7.5,,1003.9,
2018-07-31,31.5,26.7,37.0,,,167.5,7.3,,1004.6,
2018-08-01,32.0,25.6,39.2,,,230.4,5.9,,1003.3,
2018-08-02,32.8,28.3,38.0,,,200.4,6.0,,1005.0,
2018-08-03,31.7,27.0,37.0,,,,6.6,,,
2018-08-04,30.8,27.7,35.0,,,234.6,7.3,,,
2018-08-05,29.4,26.4,33.6,,,273.8,12.2,,1007.8,
2018-08-06,29.6,27.0,34.4,,,210.0,5.0,,,
2018-08-07,30.4,26.3,35.3,,,,7.3,,,
2018-08-08,30.3,26.6,36.0,,,,9.0,,,
2018-08-09,28.2,26.2,31.8,,,171.7,5.4,,1004.4,
2018-08-10,30.5,26.0,35.8,,,,7.6,,1002.9,
2018-08-11,30.5,26.0,35.0,,,107.1,9.1,,1005.0,
2018-08-12,30.6,27.0,34.7,,,163.3,7.3,,1007.0,
2018-08-13,30.5,26.0,35.7,,,228.8,6.5,,,
2018-08-14,31.3,27.6,36.3,,,196.3,5.5,,,
2018-08-15,31.6,27.5,37.6,,,191.3,7.0,,1006.7,
2018-08-16,29.8,25.6,34.7,,,81.3,12.5,,1008.2,
2018-08-17,26.7,21.3,32.4,,,95.0,12.1,,,
2018-08-18,26.2,21.6,31.2,,,169.2,7.8,,,
2018-08-19,27.0,21.5,32.4,,,197.9,6.2,,,
2018-08-20,28.5,24.2,32.4,,,171.7,11.1,,1005.8,
2018-08-21,26.5,23.3,30.3,,,189.6,11.0,,,
2018-08-22,29.9,23.0,37.2,,,166.7,8.4,,1004.0,
2018-08-23,29.5,27.0,31.0,,,110.4,8.8,,,
2018-08-24,24.8,23.0,27.0,,,294.2,10.0,,,
2018-08-25,25.2,22.4,28.6,,,220.8,9.9,,,
2018-08-26,21.6,19.1,26.6,,,175.0,7.6,,,
2018-08-27,22.2,19.0,24.9,,,212.5,4.9,,1011.2,
2018-08-28,24.0,23.0,25.6,,,212.1,5.7,,1011.5,
2018-08-29,26.3,23.2,30.7,,,185.0,12.5,,,
2018-08-30,26.6,24.0,30.7,,,,10.8,,,
2018-08-31,24.9,21.6,29.3,,,225.0,6.0,,1010.4,
2018-09-01,24.7,19.6,30.1,,,96.3,8.1,,1011.2,
2018-09-02,24.5,19.3,29.1,,,147.1,8.5,,1009.5,
2018-09-03,24.4,22.3,28.1,,,185.0,8.4,,1002.3,
2018-09-04,24.0,20.9,28.0,,,,11.0,,997.6,
2018-09-05,23.5,17.6,28.1,,,,14.4,,,
2018-09-06,23.5,19.3,28.6,,,194.2,10.0,,1004.7,
2018-09-07,21.8,17.9,25.5,,,246.7,10.1,,1005.3,
2018-09-08,20.4,13.6,27.4,,,207.1,5.5,,1013.2,
2018-09-09,20.7,14.4,27.7,,,161.7,4.5,,1016.0,
2018-09-10,21.7,16.5,27.1,,,94.2,8.0,,1020.2,
2018-09-11,20.3,14.9,26.0,,,,10.5,,,
2018-09-12,21.5,15.3,27.8,,,154.6,6.6,,1018.2,
2018-09-13,21.8,18.5,26.5,,,98.8,9.4,,,
2018-09-14,22.5,18.7,25.9,,,142.1,5.4,,,
2018-09-15,21.6,20.0,23.2,,,,4.9,,,
2018-09-16,,,,,,,,,,
2018-09-17,,,,,,,,,,
2018-09-18,,,,,,,,,,
2018-09-19,21.5,18.0,26.0,,,185.4,4.5,,,
2018-09-20,,,,,,,,,,
2018-09-21,19.7,18.0,21.0,,,188.8,4.2,,,
2018-09-22,21.0,16.0,26.0,,,,,,,
2018-09-23,19.3,15.0,25.0,,,204.2,6.6,,,
2018-09-24,17.2,12.0,22.0,,,232.9,6.3,,,
2018-09-25,16.8,10.0,23.0,,,132.9,4.6,,,
2018-09-26,18.5,14.0,24.0,,,155.0,5.2,,,
2018-09-27,,,,,,,,,,
2018-09-28,16.3,11.8,21.6,,,190.8,6.3,,1018.6,
2018-09-29,18.7,12.6,26.0,,,159.6,4.7,,1014.5,
2018-09-30,17.6,13.5,22.6,,,,11.4,,,
2018-10-01,15.5,11.9,19.9,,,,11.7,,1007.8,
2018-10-02,15.1,9.1,21.6,,,197.1,5.2,,,
2018-10-03,15.5,9.0,24.0,,,,5.5,,,
2018-10-04,18.0,10.9,25.4,,,137.1,6.8,,1023.5,
2018-10-05,16.7,15.3,17.6,,,,9.1,,,
2018-10-06,18.1,15.0,22.0,,,,,,,
2018-10-07,16.4,12.3,21.6,,,249.2,6.0,,1016.7,
2018-10-08,13.3,7.5,20.4,,,171.3,5.2,,1019.7,
2018-10-09,14.1,8.7,19.0,,,151.3,5.7,,1016.9,
2018-10-10,14.0,10.3,16.4,,,,15.7,,,
2018-10-11,10.1,4.3,15.1,,,,9.4,,,
2018-10-12,9.9,3.9,16.1,,,174.6,4.2,,1026.1,
2018-10-13,11.3,5.0,19.0,,,202.5,3.2,,,
2018-10-14,12.1,5.3,18.6,,,192.1,3.8,,1023.1,
2018-10-15,14.7,10.0,21.0,,,211.7,4.0,,,
2018-10-16,12.8,9.0,19.0,,,,3.7,,1017.1,
2018-10-17,10.7,5.0,18.2,,,,7.3,,1016.2,
2018-10-18,11.2,6.0,18.0,,,122.5,5.9,,,
2018-10-19,11.2,3.9,20.0,,,,6.1,,,
2018-10-20,11.8,5.4,20.8,,,180.8,4.1,,,
2018-10-21,11.6,5.3,20.0,,,155.4,4.1,,,
2018-10-22,,,,,,,,,,
2018-10-23,,,,,,,,,,
2018-10-24,11.7,5.6,18.6,,,205.4,5.9,,,
2018-10-25,,,,,,,,,,
2018-10-26,12.7,10.0,14.6,,,202.1,9.3,,,
2018-10-27,,,,,,,,,,
2018-10-28,10.1,6.0,15.0,,,270.0,10.6,,,
2018-10-29,,,,,,,,,,
2018-10-30,6.5,0.0,11.0,,,,7.6,,,
2018-10-31,7.7,3.0,12.0,,,,6.5,,,
2018-11-01,,,,,,,,,,
2018-11-02,8.7,1.5,18.5,,,,4.5,,,
2018-11-03,9.6,2.6,18.9,,,211.3,4.6,,1025.9,
2018-11-04,9.8,2.9,19.2,,,188.3,4.0,,,
2018-11-05,10.1,4.3,17.2,,,204.6,3.8,,1023.3,
2018-11-06,10.9,5.6,16.9,,,212.1,3.0,,,
2018-11-07,13.2,10.6,16.0,,,,4.7,,1025.1,
2018-11-08,13.3,12.0,16.0,,,,6.9,,,
2018-11-09,12.8,10.0,15.0,,,,16.2,,1017.2,
2018-11-10,11.3,6.6,18.3,,,191.3,7.9,,1024.3,
2018-11-11,8.1,4.0,12.0,,,,,,1023.0,
2018-11-12,7.6,2.0,14.0,,,,5.9,,,
2018-11-13,7.6,1.6,14.6,,,,4.5,,,
2018-11-14,,,,,,,,,,
2018-11-15,7.8,2.0,15.0,,,,3.1,,,
2018-11-16,8.8,5.0,14.6,,,,5.2,,,
2018-11-17,5.5,-0.4,11.0,,,,4.8,,,
2018-11-18,5.6,0.0,11.0,,,,4.3,,,
2018-11-19,6.7,1.4,12.4,,,,4.4,,,
2018-11-20,5.4,-1.4,12.4,,,,4.3,,,
2018-11-21,6.0,3.0,8.6,,,,5.2,,,
2018-11-22,2.8,-2.4,7.6,,,,5.9,,,
2018-11-23,1.1,-4.4,6.6,,,,3.3,,,
2018-11-24,2.9,0.0,5.1,,,104.6,9.6,,,
2018-11-25,6.5,4.0,11.0,,,,1.7,,1024.9,
2018-11-26,4.9,-0.3,12.4,,,,3.1,,,
2018-11-27,6.3,1.0,14.0,,,,3.0,,,
2018-11-28,5.1,0.3,10.7,,,,4.5,,,
2018-11-29,2.8,-2.1,8.4,,,,3.9,,1026.5,
2018-11-30,1.9,-3.4,8.5,,,,4.2,,1027.4,
2018-12-01,4.1,-1.1,11.6,,,,3.5,,,
2018-12-02,,,,,,,,,,
2018-12-03,,,,,,,,,,
2018-12-04,8.8,2.0,12.8,,,,11.9,,1018.7,
2018-12-05,1.1,-3.0,4.8,,,131.3,7.1,,1027.4,
2018-12-06,2.7,-0.5,7.1,,,,7.0,,1023.7,
2018-12-07,-4.7,-7.6,0.4,,,322.9,20.8,,1032.1,
2018-12-08,-7.1,-10.0,-3.8,,,255.4,11.6,,1034.0,
2018-12-09,-6.8,-11.3,-2.0,,,,5.3,,1037.0,
2018-12-10,-4.1,-9.5,3.2,,,,3.6,,1034.9,
2018-12-11,-0.9,-4.5,3.0,,,,3.1,,1029.0,
2018-12-12,-1.7,-5.4,2.0,,,,6.7,,1029.7,
2018-12-13,-2.0,-5.9,2.3,,,242.9,9.9,,1029.6,
2018-12-14,-4.8,-9.5,0.1,,,,4.3,,1035.3,
2018-12-15,-4.1,-9.4,2.8,,,,3.3,,1033.4,
2018-12-16,-1.0,-5.2,2.6,,,,5.5,,1022.0,
2018-12-17,1.8,-2.1,6.3,,,,6.2,,1018.5,
2018-12-18,0.8,-6.0,8.1,,,,7.3,,1020.8,
2018-12-19,2.4,-2.2,9.0,,,,5.1,,1021.0,
2018-12-20,1.4,-2.9,10.1,,,,3.3,,1023.4,
2018-12-21,2.6,-3.9,10.0,,,,3.9,,1023.3,
2018-12-22,5.7,-0.2,11.6,,,,3.5,,1023.3,
2018-12-23,3.8,-2.3,8.6,,,,10.4,,1024.4,
2018-12-24,-2.1,-6.7,2.9,,,,4.7,,1028.4,
2018-12-25,-1.4,-6.7,3.2,,,,6.3,,1024.9,
2018-12-26,0.1,-4.4,2.6,,,,11.0,,1025.2,
2018-12-27,-8.3,-10.7,-5.4,,,318.3,14.2,,1030.5,
2018-12-28,-10.3,-13.0,-6.0,,,290.8,8.6,,1032.8,
2018-12-29,-6.8,-11.1,-3.0,,,318.8,11.1,,1035.6,
2018-12-30,-7.5,-12.9,-1.5,,,,3.4,,1038.0,
2018-12-31,-6.6,-12.7,0.1,,,,4.6,,1037.9,
2019-01-01,-5.3,-10.0,-1.0,,,,6.6,,,
2019-01-02,-5.7,-11.3,0.2,,,,5.0,,1034.7,
2019-01-03,-5.1,-11.6,2.9,,,,3.0,,1035.6,
2019-01-04,-3.5,-9.4,3.7,,,,3.6,,1031.5,
2019-01-05,-3.5,-8.4,1.3,,,,5.6,,1027.5,
2019-01-06,-4.4,-9.5,2.8,,,,4.2,,1028.9,
2019-01-07,-3.7,-10.2,3.1,,,,4.8,,1028.7,
2019-01-08,-4.2,-9.5,1.5,,,,11.4,,1029.0,
2019-01-09,-5.0,-11.0,1.0,,,,3.3,,,
2019-01-10,-1.5,-5.4,2.2,,,,3.7,,1027.2,
2019-01-11,1.8,-1.4,6.8,,,,2.9,,1025.5,
2019-01-12,2.1,-2.4,7.9,,,,2.8,,1022.9,
2019-01-13,-0.8,-6.3,7.5,,,,3.5,,1025.7,
2019-01-14,-0.9,-6.0,4.8,,,,3.0,,1026.2,
2019-01-15,-0.5,-7.0,2.9,,,,10.4,,1024.0,
2019-01-16,-5.2,-9.4,-1.6,,,,6.3,,1027.5,
2019-01-17,-0.6,-5.2,4.4,,,,7.6,,,
2019-01-18,-1.8,-8.6,6.0,,,,4.5,,,
2019-01-19,1.6,-3.0,8.0,,,,3.7,,1023.3,
2019-01-20,0.1,-4.4,3.3,,,307.5,14.8,,,
2019-01-21,-1.9,-9.4,5.2,,,,9.4,,1022.8,
2019-01-22,-0.4,-6.1,7.1,,,,7.2,,1020.1,
2019-01-23,0.9,-4.7,7.4,,,263.8,9.2,,,
2019-01-24,-0.9,-7.7,5.8,,,,4.9,,,
2019-01-25,-2.1,-6.2,2.4,,,,10.8,,1024.5,
2019-01-26,-2.6,-6.4,1.8,,,262.1,9.2,,,
2019-01-27,-2.8,-11.1,5.0,,,,7.4,,,
2019-01-28,2.1,-2.4,3.9,,,279.2,13.3,,1022.6,
2019-01-29,-1.7,-8.5,5.7,,,,4.4,,1027.9,
2019-01-30,0.8,-5.9,7.3,,,,5.0,,1026.2,
2019-01-31,-0.4,-4.6,2.6,,,313.3,11.1,,1021.5,
2019-02-01,-2.9,-9.6,3.0,,,230.4,7.4,,1024.6,
2019-02-02,0.5,-6.0,6.0,,,187.5,9.4,,,
2019-02-03,3.9,2.0,5.4,,,,8.4,,,
2019-02-04,0.3,-2.6,3.2,,,,8.4,,1025.3,
2019-02-05,1.1,-5.2,9.1,,,,6.4,,1022.3,
2019-02-06,3.7,-2.3,10.0,,,,5.9,,,
2019-02-07,0.2,-6.7,5.5,,,299.2,15.6,,1021.8,
2019-02-08,-5.3,-9.0,-0.9,,,242.9,7.7,,1026.7,
2019-02-09,-4.2,-6.9,-1.7,,,315.0,11.2,,1027.7,
2019-02-10,-4.6,-9.3,-0.9,,,,5.1,,1031.2,
2019-02-11,-2.6,-7.1,1.1,,,,7.8,,1031.8,
2019-02-12,-0.7,-5.8,4.3,,,,4.6,,1034.1,
2019-02-13,-1.6,-6.0,2.0,,,,7.1,,,
2019-02-14,,,,,,,,,,
2019-02-15,-0.0,-1.8,1.7,,,251.3,6.8,,1024.7,
2019-02-16,-1.5,-4.0,1.0,,,302.5,9.0,,,
2019-02-17,-1.8,-8.1,3.9,,,,5.0,,1026.3,
2019-02-18,0.1,-6.2,5.6,,,,2.7,,1025.8,
2019-02-19,1.5,-0.0,3.2,,,,3.4,,1019.4,
2019-02-20,2.3,-1.0,5.0,,,,5.9,,,
2019-02-21,1.8,-3.2,8.0,,,,2.6,,1026.7,
2019-02-22,1.1,-4.2,8.1,,,,5.8,,1022.6,
2019-02-23,4.0,-2.7,13.5,,,,6.7,,1023.3,
2019-02-24,4.9,-2.0,12.5,,,,4.9,,1023.0,
2019-02-25,4.4,0.2,9.7,,,,4.9,,1021.6,
2019-02-26,4.1,-3.8,11.1,,,,4.7,,1023.9,
2019-02-27,7.4,2.8,12.5,,,,4.9,,1021.6,
2019-02-28,5.6,-1.2,12.4,,,,3.8,,,
2019-03-01,4.8,-2.6,12.6,,,194.2,6.8,,,
2019-03-02,5.6,-2.4,13.8,,,,3.5,,,
2019-03-03,7.7,-0.7,15.4,,,,4.8,,1013.6,
2019-03-04,9.5,4.0,16.0,,,,4.1,,,
2019-03-05,7.1,1.7,13.6,,,,6.1,,,
2019-03-06,7.9,4.3,11.4,,,,5.8,,1016.7,
2019-03-07,7.0,2.5,12.8,,,248.3,6.5,,1019.0,
2019-03-08,5.3,-1.8,13.2,,,,5.6,,1024.7,
2019-03-09,5.8,-2.3,14.3,,,,3.7,,1022.1,
2019-03-10,9.6,5.3,15.8,,,,5.1,,,
2019-03-11,5.8,0.7,10.4,,,,5.1,,,
2019-03-12,4.8,1.4,8.2,,,,9.2,,1010.9,
2019-03-13,,,,,,,,,,
2019-03-14,,,,,,,,,,
2019-03-15,5.5,0.2,10.8,,,,5.4,,1017.6,
2019-03-16,,,,,,,,,,
2019-03-17,5.8,0.5,11.8,,,,5.2,,1022.9,
2019-03-18,5.7,-2.4,13.6,,,224.2,6.5,,1020.9,
2019-03-19,9.3,1.4,17.1,,,,3.9,,,
2019-03-20,9.6,4.6,16.4,,,107.1,5.5,,1011.4,
2019-03-21,7.9,3.0,11.0,,,,19.5,,,
2019-03-22,,,,,,,,,,
2019-03-23,3.5,-2.5,8.3,,,,14.2,,1021.3,
2019-03-24,4.0,-2.8,9.0,,,,6.7,,1021.6,
2019-03-25,7.0,1.5,13.1,,,214.2,8.3,,1017.5,
2019-03-26,10.0,3.7,17.5,,,,6.0,,,
2019-03-27,12.1,5.1,17.1,,,,18.3,,1013.3,
2019-03-28,9.4,5.9,14.0,,,,5.6,,1013.7,
2019-03-29,,,,,,,,,,
2019-03-30,5.8,3.4,9.1,,,,17.6,,1013.5,
2019-03-31,5.1,4.0,8.0,,,,,,,
2019-04-01,5.4,-0.7,10.5,,,,8.4,,1022.5,
2019-04-02,6.0,-1.2,12.3,,,234.2,7.8,,1022.7,
2019-04-03,7.0,-0.2,13.1,,,,6.8,,1023.4,
2019-04-04,8.5,0.1,16.0,,,220.4,11.8,,,
2019-04-05,10.9,5.8,16.2,,,,7.9,,1009.9,
2019-04-06,9.1,2.9,13.3,,,177.9,4.7,,1012.0,
2019-04-07,12.8,5.1,20.0,,,,7.5,,1010.3,
2019-04-08,11.5,5.3,16.9,,,,8.0,,1014.5,
2019-04-09,9.9,5.5,14.7,,,,11.4,,1016.5,
2019-04-10,7.5,5.1,10.0,,,277.5,4.6,,,
2019-04-11,8.8,2.5,15.2,,,,4.7,,1015.1,
2019-04-12,10.3,3.3,17.6,,,,6.4,,1018.3,
2019-04-13,11.0,3.6,17.7,,,,6.5,,1019.8,
2019-04-14,9.4,6.3,13.0,,,253.8,10.5,,1015.8,
2019-04-15,10.5,1.3,17.8,,,205.4,5.2,,1018.3,
2019-04-16,13.7,4.3,22.4,,,,5.1,,,
2019-04-17,14.5,6.8,21.5,,,,5.5,,1012.9,
2019-04-18,12.8,9.4,16.5,,,,2.5,,1011.4,
2019-04-19,13.7,9.3,18.5,,,,6.6,,1015.8,
2019-04-20,14.2,8.0,20.0,,,229.2,8.0,,,
2019-04-21,15.4,13.0,20.6,,,,5.5,,1013.6,
2019-04-22,18.1,8.8,27.5,,,,2.8,,1014.6,
2019-04-23,19.7,13.3,25.6,,,,4.5,,1012.6,
2019-04-24,18.9,14.9,24.4,,,,4.2,,1006.8,
2019-04-25,14.5,10.5,17.0,,,,7.4,,,
2019-04-26,9.4,8.0,11.1,,,,7.0,,1012.4,
2019-04-27,11.2,3.1,18.0,,,,4.3,,1021.1,
2019-04-28,13.0,10.0,16.0,,,,5.9,,,
2019-04-29,12.2,7.8,16.7,,,,3.2,,1014.8,
2019-04-30,14.6,7.0,22.3,,,,4.7,,,
2019-05-01,15.2,9.3,20.9,,,,6.1,,1006.7,
2019-05-02,16.3,7.9,24.8,,,222.9,6.9,,1011.3,
2019-05-03,16.8,7.7,26.2,,,,5.4,,1016.2,
2019-05-04,17.8,9.5,26.2,,,,3.9,,1017.9,
2019-05-05,18.5,10.6,27.5,,,,8.2,,1016.3,
2019-05-06,14.8,10.6,19.6,,,296.7,10.6,,1016.5,
2019-05-07,,,,,,,,,,
2019-05-08,15.4,7.8,22.0,,,,8.0,,1012.8,
2019-05-09,,,,,,,,,,
2019-05-10,16.5,7.8,25.3,,,,5.3,,1013.1,
2019-05-11,18.7,10.7,26.3,,,,3.7,,1013.4,
2019-05-12,19.9,11.4,27.5,,,,3.7,,1014.7,
2019-05-13,18.4,13.6,23.3,,,217.5,5.1,,1014.5,
2019-05-14,19.4,12.0,26.5,,,,4.6,,1012.9,
2019-05-15,20.2,14.4,26.8,,,,3.6,,1013.0,
2019-05-16,22.2,15.6,29.4,,,,3.8,,1011.5,
2019-05-17,22.6,16.5,27.7,,,,4.0,,1012.2,
2019-05-18,22.0,18.6,24.5,,,,15.9,,1011.8,
2019-05-19,19.7,17.8,23.0,,,,10.2,,1009.3,
2019-05-20,17.2,12.9,20.0,,,,20.7,,,
2019-05-21,16.5,7.7,23.5,,,,14.8,,1006.4,
2019-05-22,,,,,,,,,,
2019-05-23,21.1,12.7,28.8,,,,5.1,,1008.0,
2019-05-24,23.8,14.0,34.0,,,,6.4,,,
2019-05-25,23.2,17.3,29.2,,,,5.0,,1014.6,
2019-05-26,23.8,16.5,30.6,,,,6.2,,1013.8,
2019-05-27,19.0,16.2,22.7,,,188.8,10.8,,1004.7,
2019-05-28,18.3,11.0,24.2,,,,6.7,,1010.7,
2019-05-29,19.8,12.4,27.2,,,,7.0,,1009.8,
2019-05-30,19.7,12.6,25.5,,,181.3,8.9,,1010.7,
2019-05-31,19.7,16.4,24.2,,,240.0,8.3,,1010.3,
2019-06-01,,,,,,,,,,
2019-06-02,,,,,,,,,,
2019-06-03,22.6,14.5,29.3,,,,5.1,,1007.7,
2019-06-04,22.6,16.4,28.3,,,,5.7,,1008.9,
2019-06-05,22.9,18.3,29.4,,,216.3,5.5,,1011.4,
2019-06-06,22.0,19.0,26.0,,,,5.1,,,
2019-06-07,20.4,17.8,24.7,,,105.0,10.9,,1003.0,
2019-06-08,,,,,,,,,,
2019-06-09,22.3,18.6,26.2,,,,4.7,,1005.2,
2019-06-10,,,,,,,,,,
2019-06-11,20.7,16.5,25.4,,,,4.2,,1008.5,
2019-06-12,21.3,15.4,26.3,,,,5.6,,1010.1,
2019-06-13,22.6,15.6,28.4,,,,3.7,,,
2019-06-14,23.0,18.8,27.8,,,,4.9,,1005.6,
2019-06-15,21.9,17.1,27.5,,,,6.5,,1000.1,
2019-06-16,21.6,15.3,27.3,,,,4.5,,1005.9,
2019-06-17,21.8,17.9,26.0,,,225.4,8.8,,,
2019-06-18,20.9,17.3,24.9,,,,4.9,,1010.6,
2019-06-19,22.1,19.3,25.7,,,,2.3,,1007.5,
2019-06-20,23.1,19.9,27.4,,,,5.3,,1007.0,
2019-06-21,22.6,19.8,28.0,,,,8.2,,1006.0,
2019-06-22,24.1,17.8,30.2,,,,5.6,,1006.0,
2019-06-23,24.3,17.0,31.0,,,226.7,6.4,,,
2019-06-24,24.9,20.5,30.5,,,220.8,6.1,,1011.3,
2019-06-25,25.4,18.0,32.5,,,,5.4,,1014.0,
2019-06-26,24.5,19.4,28.2,,,,4.7,,1008.9,
2019-06-27,25.2,21.4,29.9,,,,4.1,,,
2019-06-28,24.7,22.8,29.1,,,,3.1,,1001.6,
2019-06-29,23.1,19.8,26.0,,,,3.9,,998.4,
2019-06-30,,,,,,,,,,
2019-07-01,23.9,20.4,28.1,,,,5.3,,1004.9,
2019-07-02,24.3,20.1,29.1,,,,5.2,,1008.5,
2019-07-03,24.3,20.2,28.0,,,,4.2,,1008.0,
2019-07-04,,,,,,,,,,
2019-07-05,27.2,19.3,34.9,,,,4.7,,1003.1,
2019-07-06,29.0,22.3,35.1,,,,8.0,,1003.1,
2019-07-07,26.9,22.8,31.5,,,,10.3,,1007.0,
2019-07-08,25.1,21.5,29.5,,,82.1,9.5,,1007.5,
2019-07-09,25.0,19.0,30.0,,,,7.6,,,
2019-07-10,22.8,19.8,26.8,,,72.9,9.5,,1006.9,
2019-07-11,22.0,19.9,25.5,,,154.2,7.6,,1004.7,
2019-07-12,23.8,20.8,27.9,,,264.6,6.2,,1006.2,
2019-07-13,24.8,21.9,29.1,,,,5.2,,1002.0,
2019-07-14,25.7,20.8,31.2,,,,4.2,,1001.7,
2019-07-15,24.2,22.1,28.0,,,,3.6,,1006.6,
2019-07-16,25.1,21.7,29.5,,,,4.9,,1010.3,
2019-07-17,26.3,22.6,30.1,,,,3.2,,1010.9,
2019-07-18,27.6,23.2,32.6,,,,4.3,,1008.6,
2019-07-19,28.0,22.5,33.8,,,,7.9,,1006.2,
2019-07-20,28.4,25.7,31.2,,,85.0,11.1,,1000.5,
2019-07-21,25.7,24.0,27.6,,,,7.2,,1001.0,
2019-07-22,27.4,24.8,31.9,,,,6.5,,1005.9,
2019-07-23,28.3,24.6,33.0,,,,3.9,,1004.9,
2019-07-24,26.8,25.6,28.1,,,,7.2,,1004.0,
2019-07-25,26.7,25.9,27.9,,,,4.4,,,
2019-07-26,26.0,24.8,27.5,,,,4.7,,1003.6,
2019-07-27,28.3,24.9,34.5,,,,5.2,,,
2019-07-28,26.8,25.7,28.1,,,194.6,8.0,,1008.0,
2019-07-29,28.2,25.6,31.6,,,,8.8,,1009.0,
2019-07-30,29.0,27.0,32.0,,,205.4,12.1,,1006.7,
2019-07-31,27.3,25.2,29.2,,,,14.2,,1008.8,
2019-08-01,27.5,24.4,31.4,,,,4.5,,1011.6,
2019-08-02,29.3,24.2,34.4,,,,3.2,,1011.4,
2019-08-03,29.3,25.5,35.6,,,,3.5,,1010.7,
2019-08-04,28.7,24.3,34.9,,,,3.4,,1010.5,
2019-08-05,30.6,24.9,36.3,,,,3.0,,1009.3,
2019-08-06,31.5,27.6,36.3,,,,5.5,,1006.6,
2019-08-07,27.4,24.2,31.4,,,,3.0,,1005.0,
2019-08-08,29.0,25.2,33.7,,,,3.8,,,
2019-08-09,29.8,25.5,34.6,,,,4.3,,1007.2,
2019-08-10,31.0,26.0,36.0,,,,7.7,,1005.5,
2019-08-11,30.9,25.9,35.6,,,105.8,13.7,,1001.9,
2019-08-12,26.9,25.0,28.8,,,190.0,6.2,,1000.3,
2019-08-13,29.8,25.9,35.0,,,,4.3,,1002.1,
2019-08-14,30.3,25.6,35.2,,,,5.1,,1000.0,
2019-08-15,26.2,24.0,29.0,,,182.1,7.9,,,
2019-08-16,26.4,24.0,30.0,,,,10.7,,995.0,
2019-08-17,25.4,21.6,28.4,,,,11.2,,1001.1,
2019-08-18,25.1,21.0,30.0,,,,6.1,,,
2019-08-19,25.7,20.3,32.0,,,,3.7,,1009.3,
2019-08-20,27.0,22.0,32.0,,,,4.2,,,
2019-08-21,27.0,23.2,32.1,,,,6.3,,1008.3,
2019-08-22,27.2,23.0,32.0,,,289.6,6.4,,,
2019-08-23,26.7,23.0,31.0,,,,7.4,,,
2019-08-24,23.6,20.6,27.0,,,,5.2,,1010.7,
2019-08-25,24.1,19.0,29.0,,,,6.4,,,
2019-08-26,25.8,21.0,31.0,,,,4.9,,,
2019-08-27,25.5,23.0,29.0,,,,5.0,,,
2019-08-28,26.0,23.4,30.1,,,,6.8,,1006.7,
2019-08-29,23.4,20.4,26.2,,,,9.0,,,
2019-08-30,22.9,18.9,27.3,,,240.4,9.1,,1008.7,
2019-08-31,23.2,18.0,28.0,,,,4.9,,,
2019-09-01,23.0,19.0,28.0,,,,4.0,,,
2019-09-02,23.9,18.9,29.3,,,,4.3,,1016.6,
2019-09-03,23.6,22.0,26.0,,,,4.8,,,
2019-09-04,23.2,21.6,26.7,,,,6.7,,,
2019-09-05,23.3,21.2,27.2,,,,5.3,,,
2019-09-06,25.4,21.8,29.8,,,,4.3,,1009.0,
2019-09-07,27.2,23.0,31.0,,,,,,,
2019-09-08,25.0,23.0,28.2,,,,6.0,,1007.9,
2019-09-09,24.4,23.0,27.0,,,,3.4,,,
2019-09-10,24.6,23.0,28.4,,,,5.3,,1011.1,
2019-09-11,23.8,21.9,25.9,,,,9.2,,1013.7,
2019-09-12,21.7,18.2,22.9,,,127.9,8.1,,,
2019-09-13,22.3,17.8,28.0,,,,5.4,,1013.7,
2019-09-14,22.2,19.7,24.8,,,,6.7,,1011.8,
2019-09-15,24.0,19.4,29.7,,,,3.4,,1010.5,
2019-09-16,23.9,20.0,30.0,,,,6.1,,,
2019-09-17,,,,,,,,,,
2019-09-18,,,,,,,,,,
2019-09-19,18.2,10.8,25.8,,,,6.1,,1018.3,
2019-09-20,19.1,14.8,23.5,,,,5.3,,1017.3,
2019-09-21,,,,,,,,,,
2019-09-22,17.3,15.8,18.6,,,83.8,11.8,,1013.3,
2019-09-23,19.5,15.3,23.5,,,121.3,8.0,,1013.8,
2019-09-24,18.4,12.6,25.6,,,,6.3,,1018.7,
2019-09-25,19.3,13.3,26.5,,,,3.9,,1021.7,
2019-09-26,21.4,16.9,26.4,,,94.6,5.2,,1023.5,
2019-09-27,21.7,17.0,26.9,,,,4.3,,1022.2,
2019-09-28,22.9,18.0,28.6,,,,2.5,,1018.2,
2019-09-29,21.2,15.9,27.9,,,,3.6,,1016.8,
2019-09-30,21.6,16.0,29.0,,,,2.8,,,
2019-10-01,,,,,,,,,,
2019-10-02,22.1,21.0,24.0,,,,6.6,,,
2019-10-03,,,,,,,,,,
2019-10-04,21.6,16.8,27.6,,,212.5,6.2,,1012.4,
2019-10-05,19.7,15.0,22.0,,,187.9,9.4,,,
2019-10-06,17.4,12.3,22.0,,,89.6,8.2,,,
2019-10-07,15.5,14.0,18.0,,,,6.3,,,
2019-10-08,15.7,12.0,20.0,,,,8.8,,,
2019-10-09,12.7,6.3,19.8,,,,4.6,,1020.1,
2019-10-10,14.2,10.0,20.0,,,,1.2,,,
2019-10-11,18.3,12.0,25.0,,,,6.4,,,
2019-10-12,18.3,13.7,23.4,,,69.2,15.8,,,
2019-10-13,15.9,10.4,22.8,,,,4.6,,,
2019-10-14,14.8,11.0,19.0,,,,7.2,,,
2019-10-15,13.1,7.9,19.9,,,,3.5,,1027.8,
2019-10-16,13.7,7.7,19.9,,,,3.1,,1026.4,
2019-10-17,14.2,9.4,20.5,,,,4.6,,1024.3,
2019-10-18,15.5,9.9,21.9,,,,5.6,,1022.1,
2019-10-19,15.7,9.5,22.1,,,,4.0,,1020.4,
2019-10-20,14.7,10.5,21.9,,,,4.4,,1021.8,
2019-10-21,15.5,9.3,23.2,,,,2.9,,1018.8,
2019-10-22,15.5,9.9,22.7,,,,8.0,,,
2019-10-23,16.3,12.5,20.0,,,115.0,4.4,,1019.6,
2019-10-24,18.6,14.0,24.0,,,80.4,7.7,,1019.9,
2019-10-25,16.7,11.0,22.1,,,230.0,7.7,,1018.3,
2019-10-26,11.1,7.0,15.0,,,287.1,7.3,,,
2019-10-27,10.1,4.0,17.0,,,,3.1,,,
2019-10-28,12.0,5.7,17.1,,,171.3,10.1,,1017.0,
2019-10-29,12.8,8.1,17.6,,,231.3,7.9,,1016.0,
2019-10-30,10.3,4.0,17.5,,,222.5,4.5,,1022.4,
2019-10-31,13.3,6.7,20.0,,,181.3,7.6,,1021.8,
2019-11-01,14.3,8.8,20.7,,,,3.8,,1021.4,
2019-11-02,12.5,6.4,19.2,,,221.3,4.2,,1021.4,
2019-11-03,14.1,8.0,21.0,,,181.7,4.3,,1020.3,
2019-11-04,12.1,6.5,18.9,,,,2.9,,1021.8,
2019-11-05,11.1,6.0,18.0,,,,2.9,,,
2019-11-06,10.0,3.9,16.0,,,234.2,3.3,,1018.1,
2019-11-07,9.1,4.5,14.2,,,268.8,7.2,,1018.5,
2019-11-08,,,,,,,,,,
2019-11-09,7.5,0.6,16.4,,,221.3,4.7,,1022.4,
2019-11-10,8.9,3.6,15.6,,,,8.8,,1013.0,
2019-11-11,11.5,8.4,16.0,,,235.0,9.6,,1010.2,
2019-11-12,8.8,4.0,15.0,,,220.0,2.4,,1021.5,
2019-11-13,7.7,4.5,11.5,,,217.9,9.9,,1018.8,
2019-11-14,2.1,-2.1,5.0,,,282.5,12.0,,1025.2,
2019-11-15,6.1,-0.8,9.9,,,128.3,7.7,,1019.5,
2019-11-16,7.6,4.0,14.0,,,,2.6,,,
2019-11-17,8.3,3.9,12.3,,,112.1,6.7,,1018.8,
2019-11-18,6.9,2.0,14.3,,,297.5,17.3,,1019.3,
2019-11-19,1.6,-2.0,5.1,,,296.7,11.4,,1026.4,
2019-11-20,0.7,-4.1,6.5,,,265.0,4.6,,1032.1,
2019-11-21,3.4,-3.2,10.0,,,143.3,3.5,,1033.3,
2019-11-22,8.8,1.5,17.0,,,139.2,4.4,,1028.5,
2019-11-23,,,,,,,,,,
2019-11-24,10.1,5.2,17.1,,,240.0,8.4,,1020.5,
2019-11-25,2.8,-0.1,6.0,,,288.3,10.0,,1030.3,
2019-11-26,5.8,-0.7,13.4,,,240.4,4.6,,1030.3,
2019-11-27,4.2,0.9,7.0,,,300.8,10.0,,1029.2,
2019-11-28,3.6,-1.2,10.3,,,275.0,4.0,,1030.0,
2019-11-29,1.7,-3.6,7.7,,,265.0,4.2,,1032.0,
2019-11-30,3.4,-2.9,9.8,,,237.9,3.3,,1029.6,
2019-12-01,5.6,3.8,7.0,,,215.0,3.1,,1022.4,
2019-12-02,1.5,-2.1,4.5,,,310.8,10.8,,1022.7,
2019-12-03,0.1,-5.2,4.0,,,,3.9,,1025.4,
2019-12-04,2.7,-2.3,7.7,,,260.0,3.9,,1029.2,
2019-12-05,-2.3,-7.0,0.0,,,238.3,11.8,,,
2019-12-06,-5.9,-10.5,-0.5,,,276.7,6.1,,1037.8,
2019-12-07,-2.4,-7.1,2.7,,,150.0,3.9,,1030.6,
2019-12-08,-1.8,-6.8,4.9,,,190.8,2.4,,1029.5,
2019-12-09,2.5,-3.7,8.3,,,134.6,6.2,,1024.2,
2019-12-10,6.8,2.4,12.0,,,173.3,5.0,,1020.5,
2019-12-11,6.4,1.3,9.9,,,260.8,12.7,,1017.7,
2019-12-12,-0.2,-3.7,4.0,,,285.4,9.2,,1029.3,
2019-12-13,0.9,-5.7,6.1,,,181.7,8.0,,1028.3,
2019-12-14,3.2,0.1,6.5,,,251.3,8.2,,1028.0,
2019-12-15,3.2,-3.0,11.0,,,,2.3,,,
2019-12-16,6.5,-0.2,14.0,,,196.7,4.1,,1024.0,
2019-12-17,8.3,4.4,10.5,,,217.1,7.8,,1015.8,
2019-12-18,2.1,-0.6,5.2,,,278.3,5.9,,1023.7,
2019-12-19,-0.1,-3.0,3.6,,,,5.4,,1026.0,
2019-12-20,-0.8,-4.3,3.0,,,261.7,6.6,,1030.0,
2019-12-21,-1.7,-6.4,3.2,,,186.7,4.4,,1028.8,
2019-12-22,2.8,-1.3,8.1,,,,3.3,,1021.2,
2019-12-23,3.7,0.7,5.9,,,250.4,5.5,,1022.0,
2019-12-24,0.1,-4.2,6.3,,,237.5,3.4,,1027.9,
2019-12-25,0.6,-4.2,7.3,,,225.8,2.8,,1024.9,
2019-12-26,2.4,-0.2,4.4,,,,6.8,,1018.1,
2019-12-27,-1.4,-5.2,3.0,,,266.7,5.7,,1024.9,
2019-12-28,-0.4,-5.7,6.1,,,161.7,6.0,,1029.4,
2019-12-29,2.5,-2.3,6.8,,,183.3,8.1,,1026.2,
2019-12-30,3.8,-3.0,7.5,,,218.8,9.9,,1024.2,
2019-12-31,-6.9,-9.9,-4.0,,,297.1,11.7,,1035.0,
2020-01-01,-2.5,-6.0,1.0,,,,5.2,,,
2020-01-02,1.2,-0.9,3.9,,,197.5,1.9,,1030.2,
2020-01-03,0.2,-4.0,6.0,,,,3.2,,,
2020-01-04,0.5,-5.1,7.3,,,230.4,4.2,,1026.5,
2020-01-05,-0.1,-6.4,6.1,,,212.5,2.0,,1030.8,
2020-01-06,2.6,-2.2,5.1,,,105.0,4.9,,1027.1,
2020-01-07,6.5,4.3,9.3,,,,4.4,,1011.6,
2020-01-08,4.1,1.0,11.5,,,272.9,16.6,,1013.6,
2020-01-09,-0.1,-3.2,3.0,,,288.8,10.7,,1025.0,
2020-01-10,-0.8,-4.9,4.2,,,244.2,3.3,,1024.6,
2020-01-11,,,,,,,,,,
2020-01-12,,,,,,,,,,
2020-01-13,-1.9,-5.0,0.9,,,293.8,7.1,,1023.5,
2020-01-14,,,,,,,,,,
2020-01-15,-2.6,-7.0,2.4,,,278.3,4.3,,1029.0,
2020-01-16,-1.9,-6.1,3.7,,,281.3,4.4,,1028.0,
2020-01-17,-1.2,-6.1,5.0,,,257.1,2.7,,1024.1,
2020-01-18,-0.7,-5.5,5.8,,,206.3,3.3,,1022.3,
2020-01-19,1.3,-3.0,6.4,,,217.1,7.0,,1019.5,
2020-01-20,1.4,-2.7,6.2,,,,6.9,,1022.4,
2020-01-21,-1.1,-6.7,5.1,,,,3.1,,1029.9,
2020-01-22,1.5,-1.3,5.2,,,153.3,4.5,,1026.6,
2020-01-23,3.8,-2.4,10.5,,,,4.3,,1023.7,
2020-01-24,2.3,-3.1,8.5,,,,3.0,,1029.7,
2020-01-25,3.0,-2.0,9.2,,,260.0,2.4,,1029.9,
2020-01-26,4.5,-3.0,11.8,,,171.7,6.1,,1027.5,
2020-01-27,6.4,4.4,8.0,,,72.5,13.0,,1021.1,
2020-01-28,7.3,3.8,10.9,,,116.7,7.0,,1018.4,
2020-01-29,5.5,0.6,10.2,,,,1.6,,1016.0,
2020-01-30,4.9,-0.7,10.4,,,213.8,5.2,,1015.6,
2020-01-31,3.5,-0.4,7.5,,,215.8,4.6,,1019.8,
2020-02-01,1.8,-2.9,7.6,,,195.0,4.0,,1024.5,
2020-02-02,1.0,-3.8,6.2,,,215.4,3.5,,1026.6,
2020-02-03,0.5,-2.8,3.7,,,291.3,9.2,,1027.4,
2020-02-04,-1.1,-7.3,4.6,,,253.8,7.9,,1027.2,
2020-02-05,-6.7,-9.3,-3.6,,,297.9,12.0,,,
2020-02-06,-6.3,-11.4,0.2,,,254.2,5.5,,1035.0,
2020-02-07,-1.9,-7.9,2.4,,,240.8,5.2,,1030.7,
2020-02-08,0.7,-2.2,4.0,,,282.5,11.7,,1028.1,
2020-02-09,-1.3,-7.3,4.3,,,230.8,5.8,,1026.9,
2020-02-10,3.2,-2.0,10.6,,,231.7,4.9,,1024.6,
2020-02-11,4.7,-3.3,14.8,,,,4.8,,1027.2,
2020-02-12,6.7,5.0,8.0,,,166.7,3.6,,1018.2,
2020-02-13,6.7,4.4,7.9,,,265.0,4.6,,1019.5,
2020-02-14,6.0,1.4,13.8,,,214.6,3.9,,1021.7,
2020-02-15,8.3,1.5,15.4,,,170.8,7.3,,1018.4,
2020-02-16,0.3,-3.4,6.6,,,278.8,17.8,,1014.4,
2020-02-17,-4.6,-6.6,-3.0,,,290.0,16.0,,1018.6,
2020-02-18,-3.2,-8.0,2.5,,,,5.9,,1027.4,
2020-02-19,0.4,-5.4,7.0,,,,2.7,,,
2020-02-20,4.0,-1.6,11.4,,,227.5,3.6,,1033.9,
2020-02-21,6.0,-0.2,12.0,,,189.6,6.0,,1031.0,
2020-02-22,5.4,0.7,8.2,,,268.1,16.2,,1025.7,
2020-02-23,1.7,-4.3,7.7,,,,6.0,,1029.5,
2020-02-24,5.5,-1.8,13.2,,,204.2,5.1,,1025.7,
2020-02-25,6.8,5.6,8.6,,,62.6,10.6,,,
2020-02-26,6.4,1.3,11.4,,,233.3,7.4,,1023.3,
2020-02-27,5.5,0.8,11.2,,,232.1,4.0,,1028.6,
2020-02-28,4.5,2.4,6.0,,,193.3,4.6,,1024.1,
2020-02-29,7.3,4.4,12.4,,,190.0,5.5,,1019.2,
2020-03-01,5.2,1.4,10.2,,,232.9,6.3,,1019.5,
2020-03-02,4.1,0.8,7.4,,,280.4,10.9,,1024.1,
2020-03-03,4.6,-0.7,11.4,,,191.3,8.2,,1024.9,
2020-03-04,3.0,0.3,5.0,,,270.8,20.9,,1023.4,
2020-03-05,1.4,-2.6,5.9,,,280.8,9.6,,1026.4,
2020-03-06,2.7,-4.4,10.4,,,226.7,4.6,,1023.6,
2020-03-07,5.4,-0.9,12.3,,,216.3,4.0,,1018.9,
2020-03-08,7.5,-1.5,17.0,,,,4.2,,1018.8,
2020-03-09,8.8,0.1,16.2,,,207.1,5.5,,1015.2,
2020-03-10,7.0,4.2,8.0,,,312.3,15.1,,,
2020-03-11,4.4,0.3,8.6,,,288.8,13.5,,,
2020-03-12,5.8,-3.0,15.0,,,,10.5,,,
2020-03-13,6.4,1.3,10.0,,,262.5,11.5,,,
2020-03-14,4.2,-2.1,10.0,,,279.2,10.7,,,
2020-03-15,4.5,0.4,9.6,,,,14.6,,1012.6,
2020-03-16,3.1,-3.1,9.1,,,259.2,8.9,,1022.7,
2020-03-17,6.2,1.0,13.4,,,195.8,10.0,,1017.0,
2020-03-18,7.8,-0.7,17.4,,,187.1,7.0,,1014.8,
2020-03-19,9.3,5.9,13.1,,,242.5,17.8,,1006.0,
2020-03-20,8.4,1.2,14.2,,,222.9,11.9,,1014.8,
2020-03-21,11.8,4.2,19.8,,,202.9,8.7,,1012.4,
2020-03-22,11.6,6.1,17.2,,,291.7,11.2,,1014.4,
2020-03-23,9.8,2.6,16.8,,,253.3,7.1,,1017.9,
2020-03-24,9.9,2.9,17.6,,,210.0,6.5,,1021.1,
2020-03-25,11.3,3.2,19.4,,,235.8,5.4,,1020.6,
2020-03-26,13.9,6.1,21.4,,,122.0,5.9,,1015.7,
2020-03-27,12.9,7.5,16.1,,,319.7,8.0,,1012.8,
2020-03-28,8.1,4.1,12.3,,,310.4,11.8,,1021.7,
2020-03-29,7.9,0.3,15.5,,,211.7,4.5,,1022.1,
2020-03-30,9.3,2.3,16.8,,,,3.9,,1020.6,
2020-03-31,10.4,2.9,18.5,,,224.2,6.5,,1019.0,
2020-04-01,11.6,6.9,17.8,,,223.8,11.6,,1014.9,
2020-04-02,8.9,1.7,16.0,,,,5.7,,1021.9,
2020-04-03,9.1,3.1,16.2,,,231.3,7.5,,1022.6,
2020-04-04,9.5,5.3,13.5,,,,11.2,,1018.9,
2020-04-05,7.3,0.7,13.1,,,,7.1,,1022.4,
2020-04-06,8.2,0.4,15.9,,,226.7,7.0,,1021.5,
2020-04-07,10.2,3.9,18.1,,,,6.8,,,
2020-04-08,9.4,3.1,14.4,,,279.6,12.0,,1018.4,
2020-04-09,9.0,2.9,14.0,,,,8.0,,,
2020-04-10,9.6,3.3,15.2,,,208.8,6.6,,1024.9,
2020-04-11,9.9,5.0,16.0,,,,5.5,,,
2020-04-12,9.5,2.2,15.6,,,111.7,11.7,,1015.3,
2020-04-13,11.5,5.4,19.4,,,,9.3,,1014.0,
2020-04-14,11.8,4.1,19.3,,,239.2,7.3,,1017.1,
2020-04-15,12.5,4.5,20.3,,,,5.4,,1014.8,
2020-04-16,14.8,5.8,23.4,,,190.8,6.8,,1016.7,
2020-04-17,13.1,10.3,17.1,,,166.7,8.2,,1012.9,
2020-04-18,13.6,8.9,19.3,,,261.7,9.9,,,
2020-04-19,12.1,9.1,15.8,,,92.0,5.9,,1014.8,
2020-04-20,10.9,7.9,14.1,,,190.8,10.5,,1011.3,
2020-04-21,8.2,5.3,11.0,,,264.2,13.5,,1014.9,
2020-04-22,6.9,5.0,9.0,,,291.4,19.3,,1017.5,
2020-04-23,8.7,4.2,13.0,,,,10.2,,,
2020-04-24,10.6,2.2,15.4,,,,,,,
2020-04-25,14.1,9.3,18.4,,,227.1,13.1,,1009.4,
2020-04-26,13.0,5.4,18.8,,,,6.6,,1016.5,
2020-04-27,12.2,6.0,18.2,,,232.1,7.8,,1020.1,
2020-04-28,13.8,5.0,21.0,,,214.2,10.4,,,
2020-04-29,14.7,8.1,21.9,,,218.3,7.8,,1019.7,
2020-04-30,16.0,6.5,23.8,,,168.8,7.8,,1016.0,
2020-05-01,20.6,16.6,27.5,,,225.4,9.7,,1013.5,
2020-05-02,21.0,18.2,25.5,,,239.2,6.5,,1011.9,
2020-05-03,21.4,16.4,26.5,,,151.3,5.7,,1006.4,
2020-05-04,20.2,14.0,25.1,,,270.0,8.3,,1008.1,
2020-05-05,15.2,11.6,20.5,,,234.6,6.3,,1012.5,
2020-05-06,18.0,9.5,27.1,,,232.1,5.7,,1013.8,
2020-05-07,20.3,12.6,26.0,,,,9.0,,,
2020-05-08,19.7,14.6,24.7,,,183.8,9.2,,1015.6,
2020-05-09,15.1,13.3,17.4,,,145.0,9.9,,1006.4,
2020-05-10,14.8,13.0,17.8,,,236.3,8.1,,1007.8,
2020-05-11,17.2,12.2,22.9,,,236.7,9.9,,1009.3,
2020-05-12,14.6,9.9,19.0,,,250.4,13.3,,1005.8,
2020-05-13,16.2,8.8,23.0,,,220.8,11.4,,1016.0,
2020-05-14,18.9,11.3,26.6,,,205.8,6.7,,,
2020-05-15,16.4,15.0,20.0,,,94.7,8.6,,,
2020-05-16,17.2,15.6,20.3,,,237.6,5.3,,,
2020-05-17,19.3,15.6,25.6,,,244.4,6.2,,,
2020-05-18,19.4,13.6,27.4,,,195.3,13.1,,,
2020-05-19,13.9,10.4,17.4,,,135.6,11.7,,,
2020-05-20,14.4,8.6,20.3,,,,5.5,,,
2020-05-21,16.7,10.0,22.0,,,,4.9,,,
2020-05-22,18.8,13.6,23.0,,,181.1,6.3,,,
2020-05-23,20.6,16.6,25.6,,,212.1,7.0,,,
2020-05-24,18.2,14.3,21.3,,,234.7,10.6,,,
2020-05-25,14.9,13.0,20.0,,,,4.4,,,
2020-05-26,17.0,13.0,23.6,,,273.6,6.2,,,
2020-05-27,16.6,12.0,23.0,,,,,,,
2020-05-28,17.8,12.9,24.0,,,203.3,6.5,,,
2020-05-29,20.1,13.3,27.6,,,225.8,5.8,,,
2020-05-30,22.2,15.3,29.6,,,210.0,5.9,,,
2020-05-31,20.7,15.9,28.0,,,228.1,8.4,,,
2020-06-01,19.7,15.6,24.6,,,278.8,11.7,,,
2020-06-02,18.8,13.3,23.4,,,167.9,9.9,,,
2020-06-03,21.5,18.0,28.6,,,222.9,5.6,,,
2020-06-04,23.1,20.0,28.6,,,242.3,10.6,,,
2020-06-05,22.9,19.0,29.3,,,222.4,5.4,,,
2020-06-06,24.0,17.9,31.0,,,201.3,6.5,,,
2020-06-07,21.4,18.0,28.0,,,,6.4,,,
2020-06-08,24.1,18.6,32.6,,,233.1,5.6,,,
2020-06-09,27.1,19.0,35.0,,,,5.5,,,
2020-06-10,26.0,20.3,33.0,,,233.8,6.4,,,
2020-06-11,25.8,22.0,32.3,,,182.1,6.6,,,
2020-06-12,23.5,20.0,28.0,,,,4.6,,,
2020-06-13,26.0,20.4,32.6,,,156.2,6.1,,,
2020-06-14,23.8,20.6,28.6,,,273.2,9.3,,,
2020-06-15,22.9,17.4,28.6,,,234.4,10.9,,,
2020-06-16,24.2,20.0,30.9,,,,5.4,,,
2020-06-17,23.9,18.6,29.6,,,,7.1,,,
2020-06-18,22.0,19.0,26.0,,,,3.4,,,
2020-06-19,24.3,20.6,29.6,,,128.5,6.0,,,
2020-06-20,24.6,19.3,30.3,,,224.2,7.5,,,
2020-06-21,25.8,19.0,32.6,,,,5.5,,,
2020-06-22,28.6,21.0,36.0,,,,4.6,,,
2020-06-23,26.7,21.9,31.3,,,228.4,5.7,,,
2020-06-24,22.8,21.0,26.3,,,73.1,11.2,,,
2020-06-25,22.1,20.6,24.0,,,137.1,11.0,,,
2020-06-26,22.2,19.6,27.0,,,181.3,11.5,,,
2020-06-27,24.7,21.0,30.0,,,237.9,5.8,,,
2020-06-28,22.9,20.0,28.0,,,251.1,7.8,,,
2020-06-29,23.0,19.3,27.0,,,130.7,10.6,,,
2020-06-30,20.6,18.6,22.6,,,298.3,14.3,,,
2020-07-01,20.9,17.6,24.6,,,197.6,3.8,,,
2020-07-02,23.5,18.8,29.4,,,196.7,5.5,,,
2020-07-03,24.5,20.5,29.5,,,108.4,9.7,,,
2020-07-04,23.1,19.8,28.2,,,244.1,5.5,,,
2020-07-05,23.5,18.3,28.4,,,232.1,5.3,,,
2020-07-06,25.5,21.5,31.0,,,,5.6,,,
2020-07-07,23.9,21.6,27.6,,,267.9,7.1,,,
2020-07-08,24.8,21.1,30.4,,,211.7,5.6,,,
2020-07-09,26.4,20.8,33.0,,,183.1,5.8,,,
2020-07-10,25.1,22.8,28.9,,,200.6,9.6,,,
2020-07-11,26.2,22.5,30.1,,,76.3,10.3,,,
2020-07-12,23.4,21.5,25.8,,,68.8,8.1,,,
2020-07-13,19.0,18.0,21.2,,,48.9,22.9,,,
2020-07-14,20.0,18.0,23.8,,,309.7,11.3,,,
2020-07-15,22.3,18.6,27.6,,,184.2,4.6,,,
2020-07-16,24.3,18.8,29.4,,,192.5,6.0,,,
2020-07-17,25.6,20.5,31.2,,,207.9,6.2,,,
2020-07-18,25.9,22.3,30.6,,,,6.0,,,
2020-07-19,23.4,20.4,26.6,,,183.2,11.5,,,
2020-07-20,24.5,22.6,27.0,,,227.3,14.4,,,
2020-07-21,25.2,22.0,30.2,,,,4.1,,,
2020-07-22,23.5,22.0,24.8,,,193.8,4.7,,,
2020-07-23,21.7,19.7,23.4,,,43.9,11.5,,,
2020-07-24,23.0,20.2,26.8,,,119.0,13.6,,,
2020-07-25,24.8,21.8,28.0,,,107.9,11.9,,,
2020-07-26,25.2,22.2,28.5,,,142.3,6.2,,,
2020-07-27,24.4,23.0,26.7,,,166.4,3.3,,,
2020-07-28,24.5,22.8,26.0,,,173.8,4.0,,,
2020-07-29,24.4,22.8,26.6,,,124.4,5.9,,,
2020-07-30,25.5,23.0,29.1,,,228.2,5.1,,,
2020-07-31,26.9,23.0,29.8,,,,5.0,,,
2020-08-01,25.9,24.0,28.7,,,217.9,9.1,,,
2020-08-02,25.6,23.8,28.2,,,232.2,11.9,,,
2020-08-03,25.4,23.8,27.0,,,194.7,12.8,,,
2020-08-04,27.6,25.1,30.7,,,201.2,11.8,,,
2020-08-05,27.0,25.7,29.6,,,127.5,9.3,,,
2020-08-06,25.1,23.0,26.8,,,195.5,17.2,,,
2020-08-07,24.2,22.4,26.5,,,198.1,5.5,,,
2020-08-08,24.2,22.3,25.8,,,70.2,6.0,,,
2020-08-09,25.3,24.4,27.0,,,99.2,13.3,,,
2020-08-10,26.8,24.4,31.4,,,120.7,9.2,,,
2020-08-11,24.7,22.7,28.2,,,136.8,6.9,,,
2020-08-12,27.4,23.0,31.4,,,203.3,5.0,,,
2020-08-13,28.4,25.8,31.7,,,199.2,9.9,,,
2020-08-14,28.1,26.8,30.3,,,216.1,15.9,,,
2020-08-15,26.7,25.7,29.3,,,230.0,7.7,,,
2020-08-16,28.2,25.0,31.0,,,,,,,
2020-08-17,28.3,25.4,33.0,,,,5.3,,,
2020-08-18,27.4,23.4,32.4,,,220.8,4.3,,,
2020-08-19,27.1,23.0,32.1,,,,5.8,,,
2020-08-20,26.9,23.6,33.0,,,,4.0,,,
2020-08-21,27.4,24.5,30.5,,,191.1,7.1,,,
2020-08-22,24.5,22.0,28.4,,,161.8,7.8,,,
2020-08-23,24.8,21.4,30.7,,,,5.3,,,
2020-08-24,27.5,22.8,32.7,,,,7.2,,,
2020-08-25,29.3,24.8,35.0,,,178.5,7.3,,,
2020-08-26,31.0,26.0,34.0,,,,10.8,,,
2020-08-27,27.8,26.4,30.2,,,177.7,15.7,,,
2020-08-28,27.8,25.8,30.9,,,203.0,7.9,,,
2020-08-29,26.7,24.8,29.5,,,205.1,6.6,,,
2020-08-30,26.2,25.0,31.0,,,,4.6,,,
2020-08-31,27.1,24.0,30.2,,,,5.7,,,
2020-09-01,26.5,23.6,30.4,,,100.4,8.1,,,
2020-09-02,24.4,23.0,25.6,,,99.4,7.0,,,
2020-09-03,23.4,21.0,27.0,,,286.0,22.2,,,
2020-09-04,23.4,19.6,28.0,,,195.0,11.5,,,
2020-09-05,22.9,18.6,27.2,,,,,,,
2020-09-06,21.4,18.8,25.0,,,,7.5,,,
2020-09-07,19.4,17.0,22.0,,,170.0,20.4,,,
2020-09-08,23.5,21.5,27.8,,,227.5,16.2,,,
2020-09-09,21.6,19.0,25.4,,,185.0,9.2,,,
2020-09-10,22.4,18.6,27.0,,,,,,,
2020-09-11,23.0,19.0,26.6,,,92.5,9.3,,,
2020-09-12,20.3,18.0,22.6,,,,4.0,,,
2020-09-13,21.3,16.8,26.0,,,128.3,6.5,,,
2020-09-14,21.3,16.5,25.7,,,,5.4,,,
2020-09-15,22.4,18.4,27.7,,,138.3,5.9,,,
2020-09-16,22.3,20.0,25.1,,,125.8,7.1,,,
2020-09-17,21.2,18.3,24.0,,,243.3,5.0,,,
2020-09-18,21.5,17.3,26.0,,,,9.2,,,
2020-09-19,20.3,16.2,26.2,,,223.8,8.2,,,
2020-09-20,19.0,13.1,24.7,,,,6.8,,,
2020-09-21,18.3,12.1,24.4,,,,5.0,,,
2020-09-22,19.1,13.6,25.6,,,,4.6,,,
2020-09-23,19.0,15.2,23.4,,,,,,,
2020-09-24,20.9,16.0,26.0,,,60.0,10.9,,,
2020-09-25,20.4,15.1,25.8,,,119.2,10.5,,,
2020-09-26,19.7,14.9,25.0,,,,10.0,,,
2020-09-27,19.8,13.8,26.0,,,202.5,5.3,,,
2020-09-28,19.8,14.0,27.0,,,,4.6,,,
2020-09-29,18.6,13.3,24.6,,,,4.5,,,
2020-09-30,19.7,14.5,24.0,,,184.0,4.1,,,
2020-10-01,18.9,14.8,24.0,,,150.4,7.9,,,
2020-10-02,19.4,14.5,23.7,,,196.4,7.7,,,
2020-10-03,19.5,17.2,23.0,,,,4.9,,,
2020-10-04,17.7,11.8,22.2,,,,10.5,,,
2020-10-05,13.8,6.8,18.4,,,277.5,10.0,,,
2020-10-06,13.9,7.8,19.4,,,,4.9,,,
2020-10-07,15.0,8.6,22.6,,,,5.2,,,
2020-10-08,16.5,10.2,23.0,,,,,,,
2020-10-09,16.8,9.4,23.7,,,119.2,9.0,,,
2020-10-10,16.3,10.2,21.4,,,,6.6,,,
2020-10-11,16.1,11.1,20.4,,,204.6,4.7,,,
2020-10-12,15.8,11.0,22.0,,,,8.0,,,
2020-10-13,12.7,6.9,19.3,,,206.3,5.9,,,
2020-10-14,12.7,8.5,19.2,,,,6.8,,,
2020-10-15,11.1,5.5,17.9,,,,4.4,,,
2020-10-16,11.0,6.3,16.0,,,,3.5,,,
2020-10-17,12.2,6.6,18.4,,,,5.1,,,
2020-10-18,12.2,5.5,20.4,,,,4.9,,,
2020-10-19,12.3,7.2,21.0,,,,4.3,,,
2020-10-20,12.8,8.0,21.7,,,107.6,3.9,,,
2020-10-21,13.3,9.6,17.6,,,,5.7,,,
2020-10-22,14.0,9.2,19.1,,,248.3,10.8,,,
2020-10-23,,,,,,,,,,
2020-10-24,8.6,3.5,14.0,,,,8.1,,,
2020-10-25,10.2,3.1,18.4,,,217.5,6.2,,,
2020-10-26,11.5,5.5,18.7,,,,3.8,,,
2020-10-27,11.7,6.2,19.4,,,,,,,
2020-10-28,13.7,9.2,18.4,,,,,,,
2020-10-29,,,,,,,,,,
2020-10-30,9.8,2.6,19.0,,,,,,,
2020-10-31,12.4,5.2,18.4,,,,,,,
2020-11-01,13.2,10.7,14.8,,,188.7,8.7,,,
2020-11-02,10.0,5.7,16.0,,,,5.4,,,
2020-11-03,6.7,3.5,9.4,,,309.6,14.1,,,
2020-11-04,5.3,1.3,11.0,,,251.7,8.2,,,
2020-11-05,8.3,0.8,15.4,,,,5.2,,,
2020-11-06,12.7,9.1,17.2,,,192.9,6.8,,,
2020-11-07,13.7,8.8,18.4,,,240.0,7.7,,,
2020-11-08,8.0,3.6,12.4,,,,,,,
2020-11-09,6.2,0.3,9.9,,,262.1,6.0,,,
2020-11-10,6.8,0.5,13.2,,,,5.9,,,
2020-11-11,7.5,1.2,15.7,,,,2.5,,,
2020-11-12,8.6,1.8,17.4,,,,3.1,,,
2020-11-13,10.0,5.3,17.4,,,,4.1,,,
2020-11-14,9.2,4.6,18.4,,,,4.6,,,
2020-11-15,9.3,4.8,16.1,,,253.8,4.1,,,
2020-11-16,9.8,4.8,18.0,,,,2.9,,,
2020-11-17,14.7,7.1,20.4,,,135.4,6.2,,,
2020-11-18,16.5,14.3,19.7,,,185.0,6.7,,,
2020-11-19,16.0,8.7,20.2,,,270.3,18.1,,,
2020-11-20,4.2,0.4,7.4,,,320.0,15.1,,,
2020-11-21,6.4,-1.4,13.0,,,,6.6,,,
2020-11-22,7.1,2.6,9.0,,,302.4,9.9,,,
2020-11-23,2.1,-0.4,6.0,,,,7.7,,,
2020-11-24,3.3,-0.8,7.8,,,,,,,
2020-11-25,,,,,,,,,,
2020-11-26,4.8,0.6,10.0,,,,,,,
2020-11-27,,,,,,,,,,
2020-11-28,1.0,-1.2,3.7,,,304.6,8.8,,,
2020-11-29,0.4,-3.6,3.0,,,283.8,5.5,,,
2020-11-30,-0.5,-5.2,4.7,,,247.1,4.5,,,
2020-12-01,1.3,-5.8,6.4,,,,4.6,,,
2020-12-02,3.3,0.5,6.9,,,215.4,4.9,,,
2020-12-03,1.4,-2.4,5.0,,,263.8,8.4,,,
2020-12-04,-1.1,-6.4,4.4,,,,,,,
2020-12-05,1.2,-3.8,6.6,,,,,,,
2020-12-06,3.4,-1.0,9.6,,,207.9,5.3,,,
2020-12-07,3.7,0.2,7.2,,,284.8,8.8,,,
2020-12-08,-0.9,-5.0,4.0,,,,,,,
2020-12-09,0.5,-6.0,6.0,,,,,,,
2020-12-10,5.6,2.5,9.2,,,151.6,5.1,,,
2020-12-11,4.6,0.7,10.0,,,256.3,3.7,,,
2020-12-12,2.7,-1.8,6.7,,,262.1,7.0,,,
2020-12-13,0.0,-5.0,2.3,,,173.3,11.0,,,
2020-12-14,-6.3,-8.3,-4.3,,,324.6,14.3,,,
2020-12-15,-6.4,-10.0,-3.0,,,,,,,
2020-12-16,-7.1,-10.8,-3.3,,,259.2,10.8,,,
2020-12-17,-5.4,-12.2,0.7,,,198.8,3.9,,,
2020-12-18,-1.0,-5.2,2.0,,,164.3,9.2,,,
2020-12-19,-4.4,-8.9,-0.8,,,272.5,6.8,,,
2020-12-20,-4.2,-9.8,1.4,,,,,,,
2020-12-21,-2.6,-7.4,3.6,,,,6.1,,,
2020-12-22,0.2,-4.8,6.7,,,137.5,6.5,,,
2020-12-23,4.2,-3.2,9.0,,,205.0,9.5,,,
2020-12-24,3.7,-1.5,7.0,,,275.4,9.0,,,
2020-12-25,-0.7,-4.0,4.0,,,277.9,7.5,,,
2020-12-26,0.5,-4.5,8.2,,,214.1,7.4,,,
2020-12-27,3.9,-0.9,10.0,,,177.6,6.3,,,
2020-12-28,4.9,1.3,11.4,,,249.7,3.1,,,
2020-12-29,0.9,-4.6,4.4,,,292.0,9.9,,,
2020-12-30,-9.4,-12.0,-5.6,,,,,,,
2020-12-31,-7.9,-12.5,-4.8,,,257.1,7.4,,,
2021-01-01,-4.6,-11.5,0.4,,,195.4,4.4,,,
2021-01-02,-4.2,-8.7,-0.3,,,226.7,8.9,,,
2021-01-03,-5.5,-10.9,-1.0,,,246.3,6.9,,,
2021-01-04,-3.5,-9.9,0.7,,,183.6,3.7,,,
2021-01-05,-3.9,-8.8,-1.3,,,288.1,10.6,,,
2021-01-06,-6.2,-13.0,-2.3,,,203.4,8.8,,,
2021-01-07,-12.6,-15.6,-7.4,,,317.0,18.0,,,
2021-01-08,-14.4,-18.0,-11.0,,,255.0,11.8,,,
2021-01-09,-12.7,-19.0,-8.0,,,247.9,7.8,,,
2021-01-10,-9.0,-17.3,-4.0,,,178.8,2.5,,,
2021-01-11,-8.4,-13.8,-3.3,,,198.3,2.5,,,
2021-01-12,-3.5,-11.7,0.5,,,160.8,6.4,,,
2021-01-13,-0.5,-7.0,8.2,,,225.2,8.5,,,
2021-01-14,0.3,-5.9,7.7,,,205.4,4.0,,,
2021-01-15,4.7,-2.4,11.4,,,,14.6,,,
2021-01-16,-3.5,-7.3,-0.1,,,292.9,13.4,,,
2021-01-17,-4.4,-10.6,-1.3,,,245.0,5.5,,,
2021-01-18,-2.1,-7.3,1.2,,,240.0,14.1,,,
2021-01-19,-7.0,-12.4,-1.4,,,,,,,
2021-01-20,-2.0,-8.9,7.4,,,192.1,4.4,,,
2021-01-21,,,,,,,,,,
2021-01-22,,,,,,,,,,
2021-01-23,6.4,0.0,13.0,,,130.8,6.6,,,
2021-01-24,5.8,-2.0,14.0,,,186.3,4.0,,,
2021-01-25,6.0,0.0,15.0,,,196.7,4.5,,,
2021-01-26,5.5,2.1,7.0,,,217.2,6.0,,,
2021-01-27,,,,,,,,,,
2021-01-28,-0.9,-7.9,2.8,,,281.6,23.5,,,
2021-01-29,-7.7,-10.0,-4.0,,,,,,,
2021-01-30,-2.3,-8.3,5.9,,,167.0,9.2,,,
2021-01-31,1.7,-6.2,10.3,,,201.3,6.3,,,
2021-02-01,6.3,1.4,10.4,,,223.6,10.1,,,
2021-02-02,-4.3,-7.0,-1.6,,,304.4,14.6,,,
2021-02-03,-2.2,-10.3,1.7,,,210.6,10.7,,,
2021-02-04,-2.1,-6.7,1.0,,,267.3,9.7,,,
2021-02-05,0.5,-7.1,7.0,,,199.2,9.0,,,
2021-02-06,6.6,0.9,10.7,,,210.8,10.0,,,
2021-02-07,4.7,-1.3,7.4,,,274.2,10.3,,,
2021-02-08,-1.9,-4.0,1.0,,,316.7,12.2,,,
2021-02-09,-1.2,-7.2,4.4,,,260.0,5.4,,,
2021-02-10,2.5,-3.7,7.7,,,182.4,6.8,,,
2021-02-11,4.0,-1.4,10.9,,,185.8,2.8,,,
2021-02-12,4.4,-1.7,13.7,,,158.5,3.7,,,
2021-02-13,4.1,-3.5,15.5,,,232.9,3.9,,,
2021-02-14,8.3,3.0,14.9,,,200.8,3.7,,,
2021-02-15,3.6,-3.8,7.8,,,269.3,20.7,,,
2021-02-16,-4.3,-7.2,-1.6,,,317.5,10.8,,,
2021-02-17,-7.3,-9.0,-5.0,,,306.0,27.2,,,
2021-02-18,-5.3,-9.6,-0.6,,,304.2,12.1,,,
2021-02-19,,,,,,,,,,
2021-02-20,,,,,,,,,,
2021-02-21,11.0,3.0,19.0,,,199.6,12.7,,,
2021-02-22,8.1,0.9,13.6,,,252.5,12.7,,,
2021-02-23,0.5,-2.8,4.0,,,,,,,
2021-02-24,2.7,-2.7,9.6,,,151.7,4.8,,,
2021-02-25,3.6,-2.0,9.0,,,223.8,3.4,,,
2021-02-26,7.1,-2.6,15.6,,,177.1,7.0,,,
2021-02-27,7.9,0.0,15.0,,,,,,,
2021-02-28,7.0,0.4,11.7,,,181.3,5.5,,,
2021-03-01,5.8,1.0,8.8,,,108.3,9.9,,,
2021-03-02,2.4,-0.8,7.0,,,207.3,8.5,,,
2021-03-03,3.3,-2.8,9.4,,,192.9,6.5,,,
2021-03-04,6.2,0.8,12.0,,,196.3,6.3,,,
2021-03-05,6.6,-0.4,15.4,,,,,,,
2021-03-06,7.0,3.3,12.4,,,128.1,6.9,,,
2021-03-07,5.4,1.0,10.0,,,,,,,
